Code,Name,Category Code,Unit,Cost,Member Price,Non Member Price,Alert Quantity,HSN/SAC,Pers, Tax Rate Name,Tax Method,Track Quantity,Type,Subcategory Code,Product Variants Separated by |,Custom Field 1,Custom Field 2,Custom Field 3,Custom Field 4,Custom Field 5,Custom Field 6
F1000,Trendy Kid Hair Cut,WOMEN,1,0,200,260,0,999721,Nos,GST18,inclusive,0,service,HAIR CARE(FEMALE),,,,,,,
F1001,Hair Makeover,WOMEN,1,0,440,535,0,999721,Nos,GST18,inclusive,0,service,HAIR CARE(FEMALE),,,,,,,
F1002,Creative Hair cut (with shampoo.Conditioner&BlowStyling),WOMEN,1,0,950,1100,0,999721,Nos,GST18,inclusive,0,service,HAIRCUTS(FEMALE),,,,,,,
F1003,"Shampoo, Conditioning & Blast Dry (S)",WOMEN,1,0,295,330,0,999721,Nos,GST18,inclusive,0,service,SHAMPOO/CONDITIONING & STYLING(FEMALE),,,,,,,
F1004,"Shampoo, Conditioning & Blast Dry (M)",WOMEN,1,0,295,330,0,999721,Nos,GST18,inclusive,0,service,SHAMPOO/CONDITIONING & STYLING(FEMALE),,,,,,,
F1005,"Shampoo, Conditioning & Blast Dry (L)",WOMEN,1,0,390,450,0,999721,Nos,GST18,inclusive,0,service,SHAMPOO/CONDITIONING & STYLING(FEMALE),,,,,,,
F1006,Blow Style & Setting-(with Shampoo & Conditioner) (S),WOMEN,1,0,530,585,0,999721,Nos,GST18,inclusive,0,service,SHAMPOO/CONDITIONING & STYLING(FEMALE),,,,,,,
F1007,Blow Style & Setting-(with Shampoo & Conditioner) (M),WOMEN,1,0,630,585,0,999721,Nos,GST18,inclusive,0,service,SHAMPOO/CONDITIONING & STYLING(FEMALE),,,,,,,
F1008,Blow Style & Setting-(with Shampoo & Conditioner) (L),WOMEN,1,0,640,700,0,999721,Nos,GST18,inclusive,0,service,SHAMPOO/CONDITIONING & STYLING(FEMALE),,,,,,,
F1009,Ironing (S),WOMEN,1,0,800,900,0,999721,Nos,GST18,inclusive,0,service,ADVANCE STYLING(FEMALE),,,,,,,
F1010,Ironing (M),WOMEN,1,0,950,1050,0,999721,Nos,GST18,inclusive,0,service,ADVANCE STYLING(FEMALE),,,,,,,
F1011,Ironing (L),WOMEN,1,0,1150,1250,0,999721,Nos,GST18,inclusive,0,service,ADVANCE STYLING(FEMALE),,,,,,,
F1012,Roller Setting,WOMEN,1,0,1050,1200,0,999721,Nos,GST18,inclusive,0,service,ADVANCE STYLING(FEMALE),,,,,,,
F1013,Coconut Nourisher,WOMEN,1,0,520,595,0,999721,Nos,GST18,inclusive,0,service,HEAD MASSAGE(FEMALE),,,,,,,
F1014,Menthol Chiller,WOMEN,1,0,520,595,0,999721,Nos,GST18,inclusive,0,service,HEAD MASSAGE(FEMALE),,,,,,,
F1015,Almond Indulgence,WOMEN,1,0,550,630,0,999721,Nos,GST18,inclusive,0,service,HEAD MASSAGE(FEMALE),,,,,,,
F1016,Olive Bliss,WOMEN,1,0,550,630,0,999721,Nos,GST18,inclusive,0,service,HEAD MASSAGE(FEMALE),,,,,,,
F1017,Anti-Dandruff Treatment(S),WOMEN,1,0,110,1320,0,999721,Nos,GST18,inclusive,0,service,SCALP TREATMENTS(FEMALE),,,,,,,
F1018,Anti-Dandruff Treatment(M),WOMEN,1,0,1375,1650,0,999721,Nos,GST18,inclusive,0,service,SCALP TREATMENTS(FEMALE),,,,,,,
F1019,Anti-Dandruff Treatment(L),WOMEN,1,0,1650,1980,0,999721,Nos,GST18,inclusive,0,service,SCALP TREATMENTS(FEMALE),,,,,,,
F1020,Nutritive Plus Treatment Normal to Dull Hair (S),WOMEN,1,0,1000,1245,0,999721,Nos,GST18,inclusive,0,service,HAIR TREATMENTS(FEMALE),,,,,,,
F1021,Nutritive Plus Treatment Normal to Dull Hair (M),WOMEN,1,0,1200,1245,0,999721,Nos,GST18,inclusive,0,service,HAIR TREATMENTS(FEMALE),,,,,,,
F1022,Nutritive Plus Treatment Normal to Dull Hair (L),WOMEN,1,0,1450,1695,0,999721,Nos,GST18,inclusive,0,service,HAIR TREATMENTS(FEMALE),,,,,,,
F1023,Absolut Repair Plus Treatment Dry to Damaged Hair(S),WOMEN,1,0,1000,1245,0,999721,Nos,GST18,inclusive,0,service,HAIR TREATMENTS(FEMALE),,,,,,,
F1024,Absolut Repair Plus Treatment Dry to Damaged Hair(M),WOMEN,1,0,1200,1245,0,999721,Nos,GST18,inclusive,0,service,HAIR TREATMENTS(FEMALE),,,,,,,
F1025,Absolut Repair Plus Treatment Dry to Damaged Hair(L),WOMEN,1,0,1450,1695,0,999721,Nos,GST18,inclusive,0,service,HAIR TREATMENTS(FEMALE),,,,,,,
F1026,Intense Smoothening Plus- Treatment (S),WOMEN,1,0,1000,1245,0,999721,Nos,GST18,inclusive,0,service,HAIR TREATMENTS(FEMALE),,,,,,,
F1027,Intense Smoothening Plus- Treatment (M),WOMEN,1,0,1200,1445,0,999721,Nos,GST18,inclusive,0,service,HAIR TREATMENTS(FEMALE),,,,,,,
F1028,Intense Smoothening Plus- Treatment (L),WOMEN,1,0,1450,1695,0,999721,Nos,GST18,inclusive,0,service,HAIR TREATMENTS(FEMALE),,,,,,,
F1029,Colour Radiance Plus-Treatment (S),WOMEN,1,0,1000,1245,0,999721,Nos,GST18,inclusive,0,service,HAIR TREATMENTS(FEMALE),,,,,,,
F1030,Colour Radiance Plus-Treatment (M),WOMEN,1,0,1200,1445,0,999721,Nos,GST18,inclusive,0,service,HAIR TREATMENTS(FEMALE),,,,,,,
F1031,Colour Radiance Plus-Treatment (L),WOMEN,1,0,1450,1695,0,999721,Nos,GST18,inclusive,0,service,HAIR TREATMENTS(FEMALE),,,,,,,
F1032,Anti-Breakage Strengthening Plus-Treatment (S),WOMEN,1,0,100,1245,0,999721,Nos,GST18,inclusive,0,service,HAIR TREATMENTS(FEMALE),,,,,,,
F1033,Anti-Breakage Strengthening Plus-Treatment (M),WOMEN,1,0,1200,1445,0,999721,Nos,GST18,inclusive,0,service,HAIR TREATMENTS(FEMALE),,,,,,,
F1034,Anti-Breakage Strengthening Plus-Treatment (L),WOMEN,1,0,1450,1450,0,999721,Nos,GST18,inclusive,0,service,HAIR TREATMENTS(FEMALE),,,,,,,
F1035,Nutritive Plus Treatment-Normal to Dull Hair (S),WOMEN,1,0,1500,1745,0,999721,Nos,GST18,inclusive,0,service,HAIR & SCALP TREATMENTS(FEMALE),,,,,,,
F1036,Nutritive Plus Treatment-Normal to Dull Hair (M),WOMEN,1,0,1700,1945,0,999721,Nos,GST18,inclusive,0,service,HAIR & SCALP TREATMENTS(FEMALE),,,,,,,
F1037,Nutritive Plus Treatment-Normal to Dull Hair (L),WOMEN,1,0,2050,2295,0,999721,Nos,GST18,inclusive,0,service,HAIR & SCALP TREATMENTS(FEMALE),,,,,,,
F1038,Absolut Repair Plus Treatment-Dry to Damaged Hair (S),WOMEN,1,0,1500,1745,0,999721,Nos,GST18,inclusive,0,service,HAIR & SCALP TREATMENTS(FEMALE),,,,,,,
F1039,Absolut Repair Plus Treatment-Dry to Damaged Hair (M),WOMEN,1,0,1700,1945,0,999721,Nos,GST18,inclusive,0,service,HAIR & SCALP TREATMENTS(FEMALE),,,,,,,
F1040,Absolut Repair Plus Treatment-Dry to Damaged Hair (L),WOMEN,1,0,2050,2050,0,999721,Nos,GST18,inclusive,0,service,HAIR & SCALP TREATMENTS(FEMALE),,,,,,,
F1041,Intense Smoothening Plus-Treatment (S),WOMEN,1,0,1500,1745,0,999721,Nos,GST18,inclusive,0,service,HAIR & SCALP TREATMENTS(FEMALE),,,,,,,
F1042,Intense Smoothening Plus-Treatment (M),WOMEN,1,0,1700,1945,0,999721,Nos,GST18,inclusive,0,service,HAIR & SCALP TREATMENTS(FEMALE),,,,,,,
F1043,Intense Smoothening Plus-Treatment (L),WOMEN,1,0,2050,2295,0,999721,Nos,GST18,inclusive,0,service,HAIR & SCALP TREATMENTS(FEMALE),,,,,,,
F1044,Colour Radiance Plus-Treatment(S),WOMEN,1,0,1500,1745,0,999721,Nos,GST18,inclusive,0,service,HAIR & SCALP TREATMENTS(FEMALE),,,,,,,
F1045,Colour Radiance Plus-Treatment(M),WOMEN,1,0,1700,1945,0,999721,Nos,GST18,inclusive,0,service,HAIR & SCALP TREATMENTS(FEMALE),,,,,,,
F1046,Colour Radiance Plus-Treatment(L),WOMEN,1,0,2050,2295,0,999721,Nos,GST18,inclusive,0,service,HAIR & SCALP TREATMENTS(FEMALE),,,,,,,
F1047,Anti-Breakage & Strengthening Plus-Treatment (S),WOMEN,1,0,1500,1745,0,999721,Nos,GST18,inclusive,0,service,HAIR & SCALP TREATMENTS(FEMALE),,,,,,,
F1048,Anti-Breakage & Strengthening Plus-Treatment (M),WOMEN,1,0,1700,1945,0,999721,Nos,GST18,inclusive,0,service,HAIR & SCALP TREATMENTS(FEMALE),,,,,,,
F1049,Anti-Breakage & Strengthening Plus-Treatment (L),WOMEN,1,0,2050,2295,0,999721,Nos,GST18,inclusive,0,service,HAIR & SCALP TREATMENTS(FEMALE),,,,,,,
F1050,Global Colouring (S),WOMEN,1,0,1755,1935,0,999721,Nos,GST18,inclusive,0,service,HAIR COLOURING (FEMALE),,,,,,,
F1051,Global Colouring (M),WOMEN,1,0,2745,3025,0,999721,Nos,GST18,inclusive,0,service,HAIR COLOURING (FEMALE),,,,,,,
F1052,Global Colouring (L),WOMEN,1,0,3685,4060,0,999721,Nos,GST18,inclusive,0,service,HAIR COLOURING (FEMALE),,,,,,,
F1053,Root Touch-Up [REGULAR](max1.5inch),WOMEN,1,0,1040,1150,0,999721,Nos,GST18,inclusive,0,service,HAIR COLOURING (FEMALE),,,,,,,
F1054,Premium Colouring [GLOBAL]AMMONIA FREE (S),WOMEN,1,0,2735,3250,0,999721,Nos,GST18,inclusive,0,service,PREMIUM HAIR COLORING -AMMONIA FREE (FEMALE),,,,,,,
F1055,Premium Colouring [GLOBAL]AMMONIA FREE (M),WOMEN,1,0,3435,3975,0,999721,Nos,GST18,inclusive,0,service,PREMIUM HAIR COLORING -AMMONIA FREE (FEMALE),,,,,,,
F1056,Premium Colouring [GLOBAL]AMMONIA FREE (L),WOMEN,1,0,4135,5025,0,999721,Nos,GST18,inclusive,0,service,PREMIUM HAIR COLORING -AMMONIA FREE (FEMALE),,,,,,,
F1057,Root Touch-Up [max-1.5 inch],WOMEN,1,0,1265,1430,0,999721,Nos,GST18,inclusive,0,service,PREMIUM HAIR COLORING -AMMONIA FREE (FEMALE),,,,,,,
F1058,Streaks (PER- STREAKS),WOMEN,1,0,305,355,0,999721,Nos,GST18,inclusive,0,service,FASHION STREAKS(FEMALE),,,,,,,
F1059,Advance Streaks (PRE STREAKS) [INCLUES PRE-LIGHTENING],WOMEN,1,0,520,595,0,999721,Nos,GST18,inclusive,0,service,FASHION STREAKS(FEMALE),,,,,,,
F1060,PREMIUM STRAIGHTNING Smoothening(S),WOMEN,1,0,4290,5680,0,999721,Nos,GST18,inclusive,0,service,TEXTURE(FEMALE),,,,,,,
F1061,PREMIUM STRAIGHTNING Smoothening(M),WOMEN,1,0,7260,8360,0,999721,Nos,GST18,inclusive,0,service,TEXTURE(FEMALE),,,,,,,
F1062,PREMIUM STRAIGHTNING Smoothening(L),WOMEN,1,0,9535,11235,0,999721,Nos,GST18,inclusive,0,service,TEXTURE(FEMALE),,,,,,,
F1063,Premium Rebonding (S),WOMEN,1,0,7565,8705,0,999721,Nos,GST18,inclusive,0,service,TEXTURE(FEMALE),,,,,,,
F1064,Premium Rebonding (M),WOMEN,1,0,9535,10975,0,999721,Nos,GST18,inclusive,0,service,TEXTURE(FEMALE),,,,,,,
F1065,Premium Rebonding (L),WOMEN,1,0,12560,14380,0,999721,Nos,GST18,inclusive,0,service,TEXTURE(FEMALE),,,,,,,
F1066,Herbal Face Clean-Up ,WOMEN,1,0,575,645,0,999721,Nos,GST18,inclusive,0,service,CLEAN UP (FEMALE),,,,,,,
F1067,Acne Face Clean-Up,WOMEN,1,0,690,760,0,999721,Nos,GST18,inclusive,0,service,CLEAN UP (FEMALE),,,,,,,
F1068,Skin Lightning Face Clean-Up,WOMEN,1,0,690,760,0,999721,Nos,GST18,inclusive,0,service,CLEAN UP (FEMALE),,,,,,,
F1069,Fruit Secret Facial,WOMEN,1,0,865,960,0,999721,Nos,GST18,inclusive,0,service,FACIAL FOR DEHYDRATION(FEMALE),,,,,,,
F1070,Gold Facial,WOMEN,1,0,1400,1540,0,999721,Nos,GST18,inclusive,0,service,FACIAL FOR DEHYDRATION(FEMALE),,,,,,,
F1071,Insta Whitening Facial,WOMEN,1,0,3500,4050,0,999721,Nos,GST18,inclusive,0,service,FACIAL FOR DEHYDRATION(FEMALE),,,,,,,
F1072,Oxygen Facial-without eye treament,WOMEN,1,0,3600,4150,0,999721,Nos,GST18,inclusive,0,service,FACIAL FOR DEHYDRATION(FEMALE),,,,,,,
F1073,Oxygen Facial-with eye treament,WOMEN,1,0,3900,4485,0,999721,Nos,GST18,inclusive,0,service,FACIAL FOR DEHYDRATION(FEMALE),,,,,,,
F1074,Herbal secrets Facial,WOMEN,1,0,955,1060,0,999721,Nos,GST18,inclusive,0,service,FACIALS FOR FINE LINES/WRINKLES(FEMALE),,,,,,,
F1075,Four layers Anti-Agening Facial,WOMEN,1,0,2600,2800,0,999721,Nos,GST18,inclusive,0,service,FACIALS FOR FINE LINES/WRINKLES(FEMALE),,,,,,,
F1076,24 Karat Gold Facial,WOMEN,1,0,2575,3080,0,999721,Nos,GST18,inclusive,0,service,FACIALS FOR FINE LINES/WRINKLES(FEMALE),,,,,,,
F1077,24 Karat Gold - Ultime Facial (double mask),WOMEN,1,0,3560,4200,0,999721,Nos,GST18,inclusive,0,service,FACIALS FOR FINE LINES/WRINKLES(FEMALE),,,,,,,
F1078,Aroma Skin Lightening Facial,WOMEN,1,0,1300,1500,0,999721,Nos,GST18,inclusive,0,service,FACIAL FOR LIGHTENING(FEMALE),,,,,,,
F1079,Fair Bloom Facial,WOMEN,1,0,1850,2100,0,999721,Nos,GST18,inclusive,0,service,FACIAL FOR LIGHTENING(FEMALE),,,,,,,
F1080,Skin Lightening Advance Facial,WOMEN,1,0,2800,3100,0,999721,Nos,GST18,inclusive,0,service,FACIAL FOR LIGHTENING(FEMALE),,,,,,,
F1081,Skin Brightening Facial,WOMEN,1,0,2100,2550,0,999721,Nos,GST18,inclusive,0,service,FACIALS FOR PIGMENTATION&DARK SPOTS(FEMALE),,,,,,,
F1082,Platinum Glow  Facial,WOMEN,1,0,2200,2700,0,999721,Nos,GST18,inclusive,0,service,FACIALS FOR PIGMENTATION&DARK SPOTS(FEMALE),,,,,,,
F1083,Burberry Facial,WOMEN,1,0,2400,2900,0,999721,Nos,GST18,inclusive,0,service,FACIALS FOR PIGMENTATION&DARK SPOTS(FEMALE),,,,,,,
F1084,Face &Neck,WOMEN,1,0,500,550,0,999721,Nos,GST18,inclusive,0,service,DETAN(FEMALE),,,,,,,
F1085,Face Neck & blouseline,WOMEN,1,0,625,710,0,999721,Nos,GST18,inclusive,0,service,DETAN(FEMALE),,,,,,,
F1086,Under Arms,WOMEN,1,0,180,200,0,999721,Nos,GST18,inclusive,0,service,DETAN(FEMALE),,,,,,,
F1087,Half  Arms,WOMEN,1,0,500,550,0,999721,Nos,GST18,inclusive,0,service,DETAN(FEMALE),,,,,,,
F1088,Full Arms,WOMEN,1,0,800,895,0,999721,Nos,GST18,inclusive,0,service,DETAN(FEMALE),,,,,,,
F1089,Half legs,WOMEN,1,0,550,625,0,999721,Nos,GST18,inclusive,0,service,DETAN(FEMALE),,,,,,,
F1090,Full legs,WOMEN,1,0,950,1050,0,999721,Nos,GST18,inclusive,0,service,DETAN(FEMALE),,,,,,,
F1091,Feet,WOMEN,1,0,430,480,0,999721,Nos,GST18,inclusive,0,service,DETAN(FEMALE),,,,,,,
F1092,Midriff,WOMEN,1,0,245,275,0,999721,Nos,GST18,inclusive,0,service,DETAN(FEMALE),,,,,,,
F1093,Half Back[or]Front,WOMEN,1,0,380,430,0,999721,Nos,GST18,inclusive,0,service,DETAN(FEMALE),,,,,,,
F1094,Full Back [or]Front,WOMEN,1,0,485,530,0,999721,Nos,GST18,inclusive,0,service,DETAN(FEMALE),,,,,,,
F1095,Full body ,WOMEN,1,0,3300,3700,0,999721,Nos,GST18,inclusive,0,service,DETAN(FEMALE),,,,,,,
F1096,Face &Neck,WOMEN,1,0,380,440,0,999721,Nos,GST18,inclusive,0,service,CREAM BLEACH(FEMALE),,,,,,,
F1097,Face Neck & blouseline,WOMEN,1,0,445,505,0,999721,Nos,GST18,inclusive,0,service,CREAM BLEACH(FEMALE),,,,,,,
F1098,Upper lip,WOMEN,1,0,55,70,0,999721,Nos,GST18,inclusive,0,service,CREAM BLEACH(FEMALE),,,,,,,
F1099,Under Arms,WOMEN,1,0,140,155,0,999721,Nos,GST18,inclusive,0,service,CREAM BLEACH(FEMALE),,,,,,,
F1100,Half  Arms,WOMEN,1,0,215,250,0,999721,Nos,GST18,inclusive,0,service,CREAM BLEACH(FEMALE),,,,,,,
F1101,Full Arms,WOMEN,1,0,430,480,0,999721,Nos,GST18,inclusive,0,service,CREAM BLEACH(FEMALE),,,,,,,
F1102,Half legs,WOMEN,1,0,425,475,0,999721,Nos,GST18,inclusive,0,service,CREAM BLEACH(FEMALE),,,,,,,
F1103,Full legs,WOMEN,1,0,705,780,0,999721,Nos,GST18,inclusive,0,service,CREAM BLEACH(FEMALE),,,,,,,
F1104,Feet,WOMEN,1,0,290,330,0,999721,Nos,GST18,inclusive,0,service,CREAM BLEACH(FEMALE),,,,,,,
F1105,Midriff,WOMEN,1,0,185,200,0,999721,Nos,GST18,inclusive,0,service,CREAM BLEACH(FEMALE),,,,,,,
F1106,Half Back[or]Front,WOMEN,1,0,285,330,0,999721,Nos,GST18,inclusive,0,service,CREAM BLEACH(FEMALE),,,,,,,
F1107,Full Back [or]Front,WOMEN,1,0,355,400,0,999721,Nos,GST18,inclusive,0,service,CREAM BLEACH(FEMALE),,,,,,,
F1108,Body Polish,WOMEN,1,0,3600,4000,0,999721,Nos,GST18,inclusive,0,service,BODY TREATMENT(FEMALE),,,,,,,
F1109,Body Wrap,WOMEN,1,0,1620,1800,0,999721,Nos,GST18,inclusive,0,service,BODY TREATMENT(FEMALE),,,,,,,
F1110,Full Arms Polish,WOMEN,1,0,900,1055,0,999721,Nos,GST18,inclusive,0,service,BODY TREATMENT(FEMALE),,,,,,,
F1111,Full Back Polish,WOMEN,1,0,950,1100,0,999721,Nos,GST18,inclusive,0,service,BODY TREATMENT(FEMALE),,,,,,,
F1112,Back & Neck ,WOMEN,1,0,590,655,0,999721,Nos,GST18,inclusive,0,service,REFLEXOLOGY(FEMALE),,,,,,,
F1113,Full Hand ,WOMEN,1,0,365,405,0,999721,Nos,GST18,inclusive,0,service,REFLEXOLOGY(FEMALE),,,,,,,
F1114,Half Legs,WOMEN,1,0,550,605,0,999721,Nos,GST18,inclusive,0,service,REFLEXOLOGY(FEMALE),,,,,,,
F1115,Feet ,WOMEN,1,0,300,350,0,999721,Nos,GST18,inclusive,0,service,REFLEXOLOGY(FEMALE),,,,,,,
F1116,Eyebrow,WOMEN,1,0,40,55,0,999721,Nos,GST18,inclusive,0,service,THREADING(FEMALE),,,,,,,
F1117,Upperlip,WOMEN,1,0,40,55,0,999721,Nos,GST18,inclusive,0,service,THREADING(FEMALE),,,,,,,
F1118,Chin,WOMEN,1,0,45,65,0,999721,Nos,GST18,inclusive,0,service,THREADING(FEMALE),,,,,,,
F1119,Forehead,WOMEN,1,0,45,65,0,999721,Nos,GST18,inclusive,0,service,THREADING(FEMALE),,,,,,,
F1120,Cheek,WOMEN,1,0,60,75,0,999721,Nos,GST18,inclusive,0,service,THREADING(FEMALE),,,,,,,
F1121,Sides,WOMEN,1,0,100,125,0,999721,Nos,GST18,inclusive,0,service,THREADING(FEMALE),,,,,,,
F1122,Full face,WOMEN,1,0,190,230,0,999721,Nos,GST18,inclusive,0,service,THREADING(FEMALE),,,,,,,
F1123,Half arms,WOMEN,1,0,200,235,0,999721,Nos,GST18,inclusive,0,service,CLASSIC WAXING(FEMALE),,,,,,,
F1124,Full arms,WOMEN,1,0,250,295,0,999721,Nos,GST18,inclusive,0,service,CLASSIC WAXING(FEMALE),,,,,,,
F1125,Under Arms,WOMEN,1,0,100,140,0,999721,Nos,GST18,inclusive,0,service,CLASSIC WAXING(FEMALE),,,,,,,
F1126,Half leg,WOMEN,1,0,295,345,0,999721,Nos,GST18,inclusive,0,service,CLASSIC WAXING(FEMALE),,,,,,,
F1127,Full leg,WOMEN,1,0,355,410,0,999721,Nos,GST18,inclusive,0,service,CLASSIC WAXING(FEMALE),,,,,,,
F1128,Full face,WOMEN,1,0,220,260,0,999721,Nos,GST18,inclusive,0,service,CLASSIC WAXING(FEMALE),,,,,,,
F1129,Lower back/Upper Back/midriff,WOMEN,1,0,380,450,0,999721,Nos,GST18,inclusive,0,service,CLASSIC WAXING(FEMALE),,,,,,,
F1130,Full Back,WOMEN,1,0,520,605,0,999721,Nos,GST18,inclusive,0,service,CLASSIC WAXING(FEMALE),,,,,,,
F1131,Full Body,WOMEN,1,0,1895,2185,0,999721,Nos,GST18,inclusive,0,service,CLASSIC WAXING(FEMALE),,,,,,,
F1132,Bikni Line,WOMEN,1,0,300,350,0,999721,Nos,GST18,inclusive,0,service,CLASSIC WAXING(FEMALE),,,,,,,
F1133,Full Bikni,WOMEN,1,0,1100,1200,0,999721,Nos,GST18,inclusive,0,service,CLASSIC WAXING(FEMALE),,,,,,,
F1134,Half arms,WOMEN,1,0,370,450,0,999721,Nos,GST18,inclusive,0,service,FLAVOURED WAXING(FEMALE),,,,,,,
F1135,Full arms,WOMEN,1,0,455,545,0,999721,Nos,GST18,inclusive,0,service,FLAVOURED WAXING(FEMALE),,,,,,,
F1136,Half leg,WOMEN,1,0,535,650,0,999721,Nos,GST18,inclusive,0,service,FLAVOURED WAXING(FEMALE),,,,,,,
F1137,Full leg,WOMEN,1,0,645,780,0,999721,Nos,GST18,inclusive,0,service,FLAVOURED WAXING(FEMALE),,,,,,,
F1138,Under arms,WOMEN,1,0,160,200,0,999721,Nos,GST18,inclusive,0,service,FLAVOURED WAXING(FEMALE),,,,,,,
F1139,Upper lip/Fore head/Chin,WOMEN,1,0,100,125,0,999721,Nos,GST18,inclusive,0,service,FLAVOURED WAXING(FEMALE),,,,,,,
F1140,Face-Sides,WOMEN,1,0,140,165,0,999721,Nos,GST18,inclusive,0,service,FLAVOURED WAXING(FEMALE),,,,,,,
F1141,Full Face,WOMEN,1,0,385,470,0,999721,Nos,GST18,inclusive,0,service,FLAVOURED WAXING(FEMALE),,,,,,,
F1142,Lower back/Upper Back/Midriff,WOMEN,1,0,675,805,0,999721,Nos,GST18,inclusive,0,service,FLAVOURED WAXING(FEMALE),,,,,,,
F1143,Full body,WOMEN,1,0,3320,3985,0,999721,Nos,GST18,inclusive,0,service,FLAVOURED WAXING(FEMALE),,,,,,,
F1144,Bikni Line,WOMEN,1,0,400,450,0,999721,Nos,GST18,inclusive,0,service,FLAVOURED WAXING(FEMALE),,,,,,,
F1145,Full Bikni,WOMEN,1,0,1700,1850,0,999721,Nos,GST18,inclusive,0,service,FLAVOURED WAXING(FEMALE),,,,,,,
F1146,"Cut ,File ",WOMEN,1,0,150,180,0,999722,Nos,GST18,inclusive,0,service,PEDICURES(FEMALE),,,,,,,
F1147,Regular Pedicure ,WOMEN,1,0,490,575,0,999722,Nos,GST18,inclusive,0,service,PEDICURES(FEMALE),,,,,,,
F1148,Paraffin Pedicure,WOMEN,1,0,600,715,0,999722,Nos,GST18,inclusive,0,service,PEDICURES(FEMALE),,,,,,,
F1149,Chocolate Foot Spa(Rose.aloevera.strawberry),WOMEN,1,0,775,915,0,999722,Nos,GST18,inclusive,0,service,SPA PEDICURES(FEMALE),,,,,,,
F1150,Crystal Crush Pedicure (Rose.aloevera.strawberry),WOMEN,1,0,830,975,0,999722,Nos,GST18,inclusive,0,service,SPA PEDICURES(FEMALE),,,,,,,
F1151,Ice Cream Signature Pedicure ,WOMEN,1,0,950,1145,0,999722,Nos,GST18,inclusive,0,service,PREMIUM PEDICURE (FEMALE),,,,,,,
F1152,Heel-Peel Treatment,WOMEN,1,0,2550,2995,0,999721,Nos,GST18,inclusive,0,service,TREATMENT(FEMALE),,,,,,,
F1153,Regular Manicure,WOMEN,1,0,360,400,0,999722,Nos,GST18,inclusive,0,service,MANICURES(FEMALE),,,,,,,
F1154,Paraffin Manicure,WOMEN,1,0,430,470,0,999722,Nos,GST18,inclusive,0,service,MANICURES(FEMALE),,,,,,,
F1155,"Crystal Crush Manicure (Rose,Aloe Vera, Chocolate & Strawberry)",WOMEN,1,0,800,950,0,999722,Nos,GST18,inclusive,0,service,SPA MANICURES(FEMALE),,,,,,,
F1156,Ice Cream Signature Manicure,WOMEN,1,0,900,1045,0,999722,Nos,GST18,inclusive,0,service,PREMIUM MANICURE(FEMALE),,,,,,,
M1001,Hair Cut,MEN,1,0,210,250,0,999721,Nos,GST18,inclusive,0,service,HAIR CUTS & STYLING(MEN),,,,,,,
M1002,Shave,MEN,1,0,100,120,0,999721,Nos,GST18,inclusive,0,service,HAIR CUTS & STYLING(MEN),,,,,,,
M1003,Advance - Hair cut,MEN,1,0,300,350,0,999721,Nos,GST18,inclusive,0,service,HAIR CUTS & STYLING(MEN),,,,,,,
M1004,Beard Trim,MEN,1,0,100,120,0,999721,Nos,GST18,inclusive,0,service,HAIR CUTS & STYLING(MEN),,,,,,,
M1005,Beard Styling,MEN,1,0,140,160,0,999721,Nos,GST18,inclusive,0,service,HAIR CUTS & STYLING(MEN),,,,,,,
M1006,Hair Wash,MEN,1,0,100,120,0,999721,Nos,GST18,inclusive,0,service,HAIR CUTS & STYLING(MEN),,,,,,,
M1007,Head Shave,MEN,1,0,250,300,0,999721,Nos,GST18,inclusive,0,service,HAIR CUTS & STYLING(MEN),,,,,,,
M1008,Trendy Kid Hair cut (below 10 years ),KIDS,1,0,180,200,0,999721,Nos,GST18,inclusive,0,service,KIDS(MEN),,,,,,,
M1009,Moustache colouring,MEN,1,0,130,150,0,999721,Nos,GST18,inclusive,0,service,HAIR COLOURING(MEN),,,,,,,
M1010,Beard colouring ,MEN,1,0,300,350,0,999721,Nos,GST18,inclusive,0,service,HAIR COLOURING(MEN),,,,,,,
M1011,Global  hair colouring,MEN,1,0,850,950,0,999721,Nos,GST18,inclusive,0,service,HAIR COLOURING(MEN),,,,,,,
M1012,Moustache colouring,MEN,1,0,150,180,0,999721,Nos,GST18,inclusive,0,service,PREMIUM HAIR COLOURING-AMMONIA FREE(MEN),,,,,,,
M1013,Beard colouring ,MEN,1,0,400,450,0,999721,Nos,GST18,inclusive,0,service,PREMIUM HAIR COLOURING-AMMONIA FREE(MEN),,,,,,,
M1014,Premium Hair colouring,MEN,1,0,950,1050,0,999721,Nos,GST18,inclusive,0,service,PREMIUM HAIR COLOURING-AMMONIA FREE(MEN),,,,,,,
M1015,Fashion Colour,MEN,1,0,1100,1200,0,999721,Nos,GST18,inclusive,0,service,FASHION STREAKS(MEN),,,,,,,
M1016,Streaks-per Streaks,MEN,1,0,250,300,0,999721,Nos,GST18,inclusive,0,service,FASHION STREAKS(MEN),,,,,,,
M1017,Advance Streaks-per streaks,MEN,1,0,300,350,0,999721,Nos,GST18,inclusive,0,service,FASHION STREAKS(MEN),,,,,,,
M1018,Global  Streaks,MEN,1,0,2000,2200,0,999721,Nos,GST18,inclusive,0,service,FASHION STREAKS(MEN),,,,,,,
M1019,Premium Straightening ,MEN,1,0,4340,5330,0,999721,Nos,GST18,inclusive,0,service,,,,,,,,
M1020,Premium  Smoothening,MEN,1,0,5340,6330,0,999721,Nos,GST18,inclusive,0,service,HAIR RESTRUCTURING(MEN),,,,,,,
M1021,Menthol Chiller,MEN,1,0,330,375,0,999721,Nos,GST18,inclusive,0,service,HEAD MASSAGE(MEN),,,,,,,
M1022,Coconut Nourisher,MEN,1,0,330,375,0,999721,Nos,GST18,inclusive,0,service,HEAD MASSAGE(MEN),,,,,,,
M1023,Almond Indulgence,MEN,1,0,400,450,0,999721,Nos,GST18,inclusive,0,service,HEAD MASSAGE(MEN),,,,,,,
M1024,Olive Bliss,MEN,1,0,400,450,0,999721,Nos,GST18,inclusive,0,service,HEAD MASSAGE(MEN),,,,,,,
M1025,Hair SPA,MEN,1,0,795,955,0,999721,Nos,GST18,inclusive,0,service,HAIR SPAs(MEN),,,,,,,
M1026,Deep Conditioning Oil SPA,MEN,1,0,955,1155,0,999721,Nos,GST18,inclusive,0,service,HAIR SPAs(MEN),,,,,,,
M1027,Anti-Hairfall Treatment,MEN,1,0,1100,1300,0,999721,Nos,GST18,inclusive,0,service,SCALP TREATMENT(MEN),,,,,,,
M1028,Anti-Dandruff Treatment,MEN,1,0,1100,1300,0,999721,Nos,GST18,inclusive,0,service,SCALP TREATMENT(MEN),,,,,,,
M1029,Nutritive plus treatment-Normal to Dull Hair,MEN,1,0,950,1100,0,999721,Nos,GST18,inclusive,0,service,HAIR TREATMENTS(MEN),,,,,,,
M1030,Peptide Nourishing treatment-Dry to damaged Hair,MEN,1,0,950,1100,0,999721,Nos,GST18,inclusive,0,service,HAIR TREATMENTS(MEN),,,,,,,
M1031,Intense smoothening treatment,MEN,1,0,950,1100,0,999721,Nos,GST18,inclusive,0,service,HAIR TREATMENTS(MEN),,,,,,,
M1032,Colour Radiance Treatment,MEN,1,0,950,1100,0,999721,Nos,GST18,inclusive,0,service,HAIR TREATMENTS(MEN),,,,,,,
M1033,Anti-Breakage strengthening Treatment,MEN,1,0,950,1100,0,999721,Nos,GST18,inclusive,0,service,HAIR TREATMENTS(MEN),,,,,,,
M1034,Nutritive plus treatment-Normal to Dull Hair,MEN,1,0,1650,1980,0,999721,Nos,GST18,inclusive,0,service,HAIR & SCALP TREATMENTS(MEN),,,,,,,
M1035,Peptide Nourishing treatment-Dry to damaged Hair,MEN,1,0,1650,1980,0,999721,Nos,GST18,inclusive,0,service,HAIR & SCALP TREATMENTS(MEN),,,,,,,
M1036,Intense smoothening treatment,MEN,1,0,1650,1980,0,999721,Nos,GST18,inclusive,0,service,HAIR & SCALP TREATMENTS(MEN),,,,,,,
M1037,Colour Radiance Treatment,MEN,1,0,1650,1980,0,999721,Nos,GST18,inclusive,0,service,HAIR & SCALP TREATMENTS(MEN),,,,,,,
M1038,Anti-Breakage strengthening Treatment,MEN,1,0,1650,1980,0,999721,Nos,GST18,inclusive,0,service,HAIR & SCALP TREATMENTS(MEN),,,,,,,
M1039,Herbal Face Clean up,MEN,1,0,575,645,0,999721,Nos,GST18,inclusive,0,service,SKIN CARE(MEN),,,,,,,
M1040,Acne Face Clean-Up,MEN,1,0,690,760,0,999721,Nos,GST18,inclusive,0,service,SKIN CARE(MEN),,,,,,,
M1041,Skin Lightning Face clean up,MEN,1,0,690,760,0,999721,Nos,GST18,inclusive,0,service,SKIN CARE(MEN),,,,,,,
M1042,Fruit Secret Facial,MEN,1,0,865,960,0,999721,Nos,GST18,inclusive,0,service,FACIAL FOR DEHYDRATION(MEN),,,,,,,
M1043,Gold Facial,MEN,1,0,1400,1540,0,999721,Nos,GST18,inclusive,0,service,FACIAL FOR DEHYDRATION(MEN),,,,,,,
M1044,Insta whitening Facial,MEN,1,0,3500,4050,0,999721,Nos,GST18,inclusive,0,service,FACIAL FOR DEHYDRATION(MEN),,,,,,,
M1045,Oxygen facial-without eye treament,MEN,1,0,3600,4150,0,999721,Nos,GST18,inclusive,0,service,FACIAL FOR DEHYDRATION(MEN),,,,,,,
M1046,Oxygen facial-with eye treament,MEN,1,0,3900,4485,0,999721,Nos,GST18,inclusive,0,service,FACIAL FOR DEHYDRATION(MEN),,,,,,,
M1047,Herbal secrets facial,MEN,1,0,955,1060,0,999721,Nos,GST18,inclusive,0,service,FACIALS FOR FINE LINES/WRINKLES(MEN),,,,,,,
M1048,Four layers Anti-Agening Facial,MEN,1,0,2600,2800,0,999721,Nos,GST18,inclusive,0,service,FACIALS FOR FINE LINES/WRINKLES(MEN),,,,,,,
M1049,24 karat gold facial,MEN,1,0,2575,3080,0,999721,Nos,GST18,inclusive,0,service,FACIALS FOR FINE LINES/WRINKLES(MEN),,,,,,,
M1050,24 karat gold - Utime facial (double mask),MEN,1,0,3560,4220,0,999721,Nos,GST18,inclusive,0,service,FACIALS FOR FINE LINES/WRINKLES(MEN),,,,,,,
M1051,Aroma skin Lightening Facial,MEN,1,0,1300,1500,0,999721,Nos,GST18,inclusive,0,service,FACIAL FOR LIGHTENING(MEN),,,,,,,
M1052,Fair bloom Facial,MEN,1,0,1850,2100,0,999721,Nos,GST18,inclusive,0,service,FACIAL FOR LIGHTENING(MEN),,,,,,,
M1053,Skin Lightening Advance Facial,MEN,1,0,2800,3100,0,999721,Nos,GST18,inclusive,0,service,FACIAL FOR LIGHTENING(MEN),,,,,,,
M1054,Skin Brightening Facial,MEN,1,0,2100,2550,0,999721,Nos,GST18,inclusive,0,service,FACIALS FOR PIGMENTATION & DARK SPOTS(MEN),,,,,,,
M1055,Platinum Glow  Facial,MEN,1,0,2200,2700,0,999721,Nos,GST18,inclusive,0,service,FACIALS FOR PIGMENTATION & DARK SPOTS(MEN),,,,,,,
M1056,Burberry Facial,MEN,1,0,2400,2900,0,999721,Nos,GST18,inclusive,0,service,FACIALS FOR PIGMENTATION & DARK SPOTS(MEN),,,,,,,
M1057,Face &Neck,MEN,1,0,500,550,0,999721,Nos,GST18,inclusive,0,service,DETAN(MEN),,,,,,,
M1058,Half arms,MEN,1,0,500,550,0,999721,Nos,GST18,inclusive,0,service,DETAN(MEN),,,,,,,
M1059,Full arms,MEN,1,0,800,895,0,999721,Nos,GST18,inclusive,0,service,DETAN(MEN),,,,,,,
M1060,Half Legs,MEN,1,0,550,625,0,999721,Nos,GST18,inclusive,0,service,DETAN(MEN),,,,,,,
M1061,Full legs,MEN,1,0,950,1050,0,999721,Nos,GST18,inclusive,0,service,DETAN(MEN),,,,,,,
M1062,Full Body,MEN,1,0,3300,3700,0,999721,Nos,GST18,inclusive,0,service,DETAN(MEN),,,,,,,
M1063,Face,MEN,1,0,190,220,0,999721,Nos,GST18,inclusive,0,service,CREAM BLEACH(MEN),,,,,,,
M1064,Neck,MEN,1,0,190,220,0,999721,Nos,GST18,inclusive,0,service,CREAM BLEACH(MEN),,,,,,,
M1065,Feet ,MEN,1,0,290,330,0,999721,Nos,GST18,inclusive,0,service,CREAM BLEACH(MEN),,,,,,,
M1066,Body Polish,MEN,1,0,3600,4000,0,999721,Nos,GST18,inclusive,0,service,BODY TREATMENT(MEN),,,,,,,
M1067,Body Wrap,MEN,1,0,1620,1800,0,999721,Nos,GST18,inclusive,0,service,BODY TREATMENT(MEN),,,,,,,
M1068,Full Arms Polish,MEN,1,0,900,1055,0,999721,Nos,GST18,inclusive,0,service,BODY TREATMENT(MEN),,,,,,,
M1069,Full Back Polish,MEN,1,0,950,1100,0,999721,Nos,GST18,inclusive,0,service,BODY TREATMENT(MEN),,,,,,,
M1070,Back & Neck ,MEN,1,0,590,655,0,999721,Nos,GST18,inclusive,0,service,REFLEXOLOGY(MEN),,,,,,,
M1071,Full Hand ,MEN,1,0,365,405,0,999721,Nos,GST18,inclusive,0,service,REFLEXOLOGY(MEN),,,,,,,
M1072,Half Legs,MEN,1,0,550,605,0,999721,Nos,GST18,inclusive,0,service,REFLEXOLOGY(MEN),,,,,,,
M1073,Feet ,MEN,1,0,300,350,0,999721,Nos,GST18,inclusive,0,service,REFLEXOLOGY(MEN),,,,,,,
M1074,"Cut ,File ",MEN,1,0,150,180,0,999722,Nos,GST18,inclusive,0,service,PEDICURES(MEN),,,,,,,
M1075,Regular pedicure ,MEN,1,0,490,575,0,999722,Nos,GST18,inclusive,0,service,PEDICURES(MEN),,,,,,,
M1076,Paraffin pedicure,MEN,1,0,600,715,0,999722,Nos,GST18,inclusive,0,service,PEDICURES(MEN),,,,,,,
M1077,Chocolate Foot SPA,MEN,1,0,775,915,0,999722,Nos,GST18,inclusive,0,service,SPA PEDICURES(MEN),,,,,,,
M1078,Crystal Crush Pedicure(Rose/Aloevera/Strawberry),MEN,1,0,830,975,0,999722,Nos,GST18,inclusive,0,service,SPA PEDICURES(MEN),,,,,,,
M1079,Ice cream signature Pedicure ,MEN,1,0,950,1145,0,999722,Nos,GST18,inclusive,0,service,PREMIUM PEDICURE (MEN),,,,,,,
M1080,Heel-Peel Treatment,MEN,1,0,2550,2995,0,999721,Nos,GST18,inclusive,0,service,TREATMENT(MEN),,,,,,,
M1081,Regular Manicure,MEN,1,0,360,400,0,999722,Nos,GST18,inclusive,0,service,MANICURES(MEN),,,,,,,
M1082,Paraffin Manicure,MEN,1,0,430,470,0,999722,Nos,GST18,inclusive,0,service,MANICURES(MEN),,,,,,,
M1083,Crystal Crush Manicure (Rose/Aloevera /Strawberry),MEN,1,0,800,950,0,999722,Nos,GST18,inclusive,0,service,SPA MANICURES(MEN),,,,,,,
M1084,Ice Cream Signature Manicure,MEN,1,0,900,1045,0,999722,Nos,GST18,inclusive,0,service,PREMIUM MANICURE(MEN),,,,,,,